1790601152146	200	0.000415	llama3.2:1b
1790601152215	200	0.000374	llama3.2:1b
1790601152285	200	0.000376	llama3.2:1b
1790601152355	200	0.000366	llama3.2:1b
1790601152425	200	0.000405	llama3.2:1b
1790601152493	200	0.000458	llama3.2:1b
1790601152564	200	0.000381	llama3.2:1b
1790601152631	200	0.000361	llama3.2:1b
1790601152699	200	0.000350	llama3.2:1b
1790601152767	200	0.000354	llama3.2:1b
1790601152835	200	0.000436	llama3.2:1b
1790601152905	200	0.000403	llama3.2:1b
1790601152975	200	0.000349	llama3.2:1b
1790601153042	200	0.000368	llama3.2:1b
1790601153114	200	0.000337	llama3.2:1b
1790601153183	200	0.000296	[]
1790601153252	200	0.000367	[]
1790601153322	200	0.000294	[]
1790601153391	200	0.000326	[]
1790601153460	200	0.000338	[]
1790601153530	200	0.000326	[]
1790601153600	200	0.000297	[]
1790601153669	200	0.000334	[]
1790601153738	200	0.000324	[]
1790601153809	200	0.000336	[]
1790601153880	200	0.000324	[]
1790601153950	200	0.000395	[]
1790601154020	200	0.000315	[]
1790601154090	200	0.000409	[]
1790601154161	200	0.000325	[]
1790601154231	200	0.000386	[]
1790601154300	200	0.000313	[]
1790601154369	200	0.000491	[]
1790601154442	200	0.000348	[]
1790601154511	200	0.000316	[]
1790601154582	200	0.000374	[]
1790601154652	200	0.000548	[]
1790601154721	200	0.000339	[]
1790601154790	200	0.000398	[]
1790601154861	200	0.000412	[]
1790601154930	200	0.000331	[]
1790601155001	200	0.000331	[]
1790601155071	200	0.000340	[]
1790601155141	200	0.000350	[]
1790601155211	200	0.000386	[]
1790601155281	200	0.000379	[]
1790601155351	200	0.000347	[]
1790601155421	200	0.000426	[]
1790601155491	200	0.000328	[]
1790601155563	200	0.000304	[]
1790601155633	200	0.000335	[]
1790601155703	200	0.000464	[]
1790601155774	200	0.000334	[]
1790601155844	200	0.000348	[]
1790601155916	200	0.000349	[]
1790601155986	200	0.000321	[]
1790601156058	200	0.000321	[]
1790601156129	200	0.000354	[]
1790601156200	200	0.000307	[]
1790601156271	200	0.000337	[]
1790601156341	200	0.000426	[]
1790601156412	200	0.000339	[]
1790601156481	200	0.000380	[]
1790601156554	200	0.000366	[]
1790601156625	200	0.000424	[]
1790601156695	200	0.000333	[]
1790601156766	200	0.000338	[]
1790601156836	200	0.000372	[]
1790601156907	200	0.000340	[]
1790601156976	200	0.000356	[]
1790601157046	200	0.000325	[]
1790601157114	200	0.000334	[]
1790601157185	200	0.000410	[]
1790601157259	200	0.000381	[]
1790601157333	200	0.000518	[]
1790601157407	200	0.000353	[]
1790601157478	200	0.000349	[]
1790601157551	200	0.000406	[]
1790601157621	200	0.000402	[]
1790601157694	200	0.000397	[]
1790601157771	200	0.000370	[]
1790601157847	200	0.000422	[]
1790601157922	200	0.000454	[]
1790601158001	200	0.000441	[]
1790601158080	200	0.000486	[]
1790601158160	200	0.000451	[]
1790601158241	200	0.000414	[]
1790601158319	200	0.000359	[]
1790601158395	200	0.000442	[]
1790601158475	200	0.000804	[]
1790601158553	200	0.000370	[]
1790601158630	200	0.000358	[]
1790601158705	200	0.000366	gemma4-it:e4b
1790601158778	200	0.000346	gemma4-it:e4b
1790601158848	200	0.000356	gemma4-it:e4b
1790601158921	200	0.000467	gemma4-it:e4b
1790601158994	200	0.000493	gemma4-it:e4b
1790601159071	200	0.000403	gemma4-it:e4b
1790601159142	200	0.000466	gemma4-it:e4b
1790601159214	200	0.000414	gemma4-it:e4b
1790601159289	200	0.000462	gemma4-it:e4b
1790601159366	200	0.000494	gemma4-it:e4b
1790601159444	200	0.000364	gemma4-it:e4b
1790601159519	200	0.000475	gemma4-it:e4b
1790601159592	200	0.000428	gemma4-it:e4b
1790601159664	200	0.000354	gemma4-it:e4b
1790601159733	200	0.000322	gemma4-it:e4b
1790601159803	200	0.000362	gemma4-it:e4b
1790601159871	200	0.000384	gemma4-it:e4b
1790601159939	200	0.000354	gemma4-it:e4b
1790601160009	200	0.000386	gemma4-it:e4b
1790601160082	200	0.000515	gemma4-it:e4b
1790601160152	200	0.000436	gemma4-it:e4b
1790601160221	200	0.000334	gemma4-it:e4b
1790601160289	200	0.000345	gemma4-it:e4b
1790601160355	200	0.000326	gemma4-it:e4b
1790601160423	200	0.000469	gemma4-it:e4b
1790601160492	200	0.000471	gemma4-it:e4b
1790601160561	200	0.000360	gemma4-it:e4b
1790601160629	200	0.000417	gemma4-it:e4b
1790601160697	200	0.000334	gemma4-it:e4b
1790601160765	200	0.000337	gemma4-it:e4b
1790601160833	200	0.000402	gemma4-it:e4b
1790601160903	200	0.000394	gemma4-it:e4b
1790601160971	200	0.000373	gemma4-it:e4b
1790601161040	200	0.000339	gemma4-it:e4b
1790601161108	200	0.000337	gemma4-it:e4b
