1790601139023	200	0.000340	llama3.2:1b
1790601139093	200	0.000408	llama3.2:1b
1790601139166	200	0.000484	llama3.2:1b
1790601139240	200	0.000400	llama3.2:1b
1790601139314	200	0.000402	llama3.2:1b
1790601139386	200	0.000388	llama3.2:1b
1790601139457	200	0.000380	llama3.2:1b
1790601139528	200	0.000365	llama3.2:1b
1790601139601	200	0.000397	llama3.2:1b
1790601139675	200	0.000430	llama3.2:1b
1790601139750	200	0.000382	llama3.2:1b
1790601139822	200	0.000409	llama3.2:1b
1790601139895	200	0.000359	llama3.2:1b
1790601139967	200	0.000434	llama3.2:1b
1790601140040	200	0.000354	llama3.2:1b
1790601140113	200	0.000340	llama3.2:1b
1790601140185	200	0.000332	llama3.2:1b
1790601140258	200	0.000343	llama3.2:1b
1790601140331	200	0.000370	llama3.2:1b
1790601140404	200	0.000389	llama3.2:1b
1790601140477	200	0.000357	llama3.2:1b
1790601140549	200	0.000380	[]
1790601140624	200	0.000474	[]
1790601140696	200	0.000410	[]
1790601140770	200	0.000358	[]
1790601140844	200	0.000376	[]
1790601140920	200	0.000374	[]
1790601140994	200	0.000389	llama3.2:1b
1790601141068	200	0.000377	llama3.2:1b
1790601141143	200	0.000488	llama3.2:1b
1790601141216	200	0.000513	llama3.2:1b
1790601141291	200	0.000409	llama3.2:1b
1790601141365	200	0.000418	llama3.2:1b
1790601141439	200	0.000409	llama3.2:1b
1790601141515	200	0.000392	llama3.2:1b
1790601141590	200	0.000382	llama3.2:1b
1790601141664	200	0.000373	llama3.2:1b
1790601141743	200	0.000405	llama3.2:1b
1790601141817	200	0.000350	llama3.2:1b
1790601141888	200	0.000456	llama3.2:1b
1790601141962	200	0.000351	llama3.2:1b
1790601142038	200	0.000503	llama3.2:1b
1790601142113	200	0.000430	llama3.2:1b
1790601142189	200	0.000352	llama3.2:1b
1790601142266	200	0.000401	llama3.2:1b
1790601142340	200	0.000421	llama3.2:1b
1790601142415	200	0.000470	llama3.2:1b
1790601142490	200	0.000438	llama3.2:1b
1790601142565	200	0.000393	llama3.2:1b
1790601142642	200	0.000401	llama3.2:1b
1790601142719	200	0.000430	llama3.2:1b
1790601142793	200	0.000511	llama3.2:1b
1790601142871	200	0.000393	llama3.2:1b
1790601142947	200	0.000449	llama3.2:1b
1790601143023	200	0.000384	llama3.2:1b
1790601143098	200	0.000374	llama3.2:1b
1790601143176	200	0.000400	llama3.2:1b
1790601143252	200	0.000351	llama3.2:1b
1790601143326	200	0.000430	llama3.2:1b
1790601143402	200	0.000469	llama3.2:1b
1790601143477	200	0.000538	llama3.2:1b
1790601143554	200	0.000518	llama3.2:1b
1790601143631	200	0.000633	llama3.2:1b
1790601143709	200	0.000489	llama3.2:1b
1790601143783	200	0.000427	llama3.2:1b
1790601143857	200	0.000397	llama3.2:1b
1790601143929	200	0.000395	llama3.2:1b
1790601144001	200	0.000425	llama3.2:1b
1790601144075	200	0.000379	llama3.2:1b
1790601144149	200	0.000351	llama3.2:1b
1790601144223	200	0.000411	llama3.2:1b
1790601144295	200	0.000399	llama3.2:1b
1790601144368	200	0.000380	llama3.2:1b
1790601144444	200	0.000411	llama3.2:1b
1790601144517	200	0.000418	llama3.2:1b
1790601144592	200	0.000441	llama3.2:1b
1790601144670	200	0.000525	llama3.2:1b
1790601144747	200	0.000507	llama3.2:1b
1790601144826	200	0.000385	llama3.2:1b
1790601144902	200	0.000394	llama3.2:1b
1790601144978	200	0.000407	llama3.2:1b
1790601145054	200	0.000473	llama3.2:1b
1790601145130	200	0.000490	llama3.2:1b
1790601145207	200	0.000383	llama3.2:1b
1790601145283	200	0.000434	llama3.2:1b
1790601145366	200	0.000462	llama3.2:1b
1790601145441	200	0.000519	llama3.2:1b
1790601145519	200	0.000586	llama3.2:1b
1790601145594	200	0.000385	llama3.2:1b
1790601145669	200	0.000399	llama3.2:1b
1790601145741	200	0.000402	llama3.2:1b
1790601145815	200	0.000459	llama3.2:1b
1790601145890	200	0.000435	llama3.2:1b
1790601145961	200	0.000450	llama3.2:1b
1790601146035	200	0.000372	llama3.2:1b
1790601146107	200	0.000380	gemma4-it:e4b
1790601146182	200	0.000347	gemma4-it:e4b
1790601146257	200	0.000429	gemma4-it:e4b
1790601146332	200	0.000371	gemma4-it:e4b
1790601146407	200	0.000441	gemma4-it:e4b
1790601146481	200	0.000472	gemma4-it:e4b
1790601146558	200	0.000496	gemma4-it:e4b
1790601146632	200	0.000422	gemma4-it:e4b
1790601146705	200	0.000438	gemma4-it:e4b
1790601146778	200	0.000472	gemma4-it:e4b
1790601146853	200	0.000429	gemma4-it:e4b
1790601146929	200	0.000350	gemma4-it:e4b
1790601147002	200	0.000363	gemma4-it:e4b
1790601147076	200	0.000490	gemma4-it:e4b
1790601147149	200	0.000473	gemma4-it:e4b
1790601147223	200	0.000346	gemma4-it:e4b
1790601147296	200	0.000476	gemma4-it:e4b
1790601147372	200	0.000407	gemma4-it:e4b
1790601147448	200	0.000483	gemma4-it:e4b
1790601147523	200	0.000353	gemma4-it:e4b
1790601147598	200	0.000397	gemma4-it:e4b
1790601147674	200	0.000453	gemma4-it:e4b
1790601147753	200	0.000445	gemma4-it:e4b
1790601147827	200	0.000362	gemma4-it:e4b
1790601147903	200	0.000394	gemma4-it:e4b
1790601147975	200	0.000371	gemma4-it:e4b
1790601148048	200	0.000365	gemma4-it:e4b
1790601148120	200	0.000431	gemma4-it:e4b
1790601148192	200	0.000416	gemma4-it:e4b
1790601148265	200	0.000353	gemma4-it:e4b
1790601148338	200	0.000355	gemma4-it:e4b
1790601148409	200	0.000398	gemma4-it:e4b
1790601148482	200	0.000411	gemma4-it:e4b
1790601148557	200	0.000370	gemma4-it:e4b
1790601148629	200	0.000379	gemma4-it:e4b
1790601148701	200	0.000477	gemma4-it:e4b
